PCB Quantity,Mouser Component Cost,Mouser Missing Part Numbers,Digikey Component Cost,Digikey Missing Part Numbers,Cheapest Vendor Component Cost,Cheapest Vendor Missing Part Numbers
1,5.6000000000000005,0,2.77,0,2.77,0
10,3.9200000000000004,0,2.18,0,2.18,0
100,2.82,0,1.7900000000000003,0,1.7900000000000003,0
1000,1.96,0,1.6600000000000001,0,1.6400000000000001,0
